job_title,company,skills,location,url,fetched_at,source,job_id,experience_level,num_skills
Senior DevOps Engineer,Little Thinking Minds,"['security', 'students', 'architect', 'technical', 'support', 'devops', 'cloud', 'lead', 'senior', 'junior', 'operational', 'engineer']",Amman,https://remoteOK.com/remote-jobs/remote-senior-devops-engineer-little-thinking-minds-1129296,06-01-2026 12:10,remoteok,37b484e2481bcdd065dd80f44ad8e3a3,Senior,12
Senior Research Engineer OLMo,The Allen Institute for Artificial Intelligence,"['senior', 'excel', 'engineer', 'engineering']","Seattle, WA",https://remoteOK.com/remote-jobs/remote-senior-research-engineer-olmo-the-allen-institute-for-artificial-intelligence-1129294,06-01-2026 12:10,remoteok,f5fa185fc770a91e3a19336e73c708d9,Senior,4
Head of Studio Standards and Business,Samsung Research America,"['security', 'technical', 'testing', 'test', 'video', 'strategy', 'junior']",Irvine,https://remoteOK.com/remote-jobs/remote-head-of-studio-standards-and-business-samsung-research-america-1129293,06-01-2026 12:10,remoteok,12ffd22f08883e7f226019a730293fd5,Mid-level,7
Staff User Researcher,Nourish,"['mobile', 'health', 'healthcare', 'non tech']",New York,https://remoteOK.com/remote-jobs/remote-staff-user-researcher-nourish-1129292,06-01-2026 12:10,remoteok,b038b217ea1ba0a981e2e847dedb5aa9,Mid-level,4
Operations Recruiter,Field AI,"['design', 'technical', 'recruiter', 'support', 'software', 'financial', 'finance', 'robotics', 'management', 'senior', 'operations', 'analytics', 'sales', 'go', 'recruiting', 'executive', 'digital nomad']","Irvine, CA",https://remoteOK.com/remote-jobs/remote-operations-recruiter-field-ai-1129291,06-01-2026 12:10,remoteok,c37161eb02e1d113e7e3f569dfd1f7e0,Mid-level,17
Full Stack Software Engineer III Angular Java,MeridianLink,"['software', 'design', 'front-end', 'back-end', 'full-stack', 'technical', 'support', 'testing', 'ui', 'code', 'web', 'devops', 'java', 'angular', 'lead', 'senior', 'junior', 'engineer', 'digital nomad']",,https://remoteOK.com/remote-jobs/remote-full-stack-software-engineer-iii-angular-java-meridianlink-1129290,06-01-2026 12:10,remoteok,0eaa6582e21f6113dffc66e621a84c69,Mid-level,19
Marketing Strategist,OneLocal,"['saas', 'consult', 'technical', 'strategist', 'seo', 'management', 'content', 'marketing', 'analytics', 'branding']",Remote,https://remoteOK.com/remote-jobs/remote-marketing-strategist-onelocal-1129288,06-01-2026 12:10,remoteok,aa573abcd61c01b3a9f7c2421d083c27,Mid-level,10
Software Engineer,Field Nation,"['software', 'saas', 'react', 'docker', 'technical', 'support', 'growth', 'web', 'php', 'html', 'git', 'mysql', 'node.js', 'mobile', 'engineer', 'engineering', 'linux']",Dhaka,https://remoteOK.com/remote-jobs/remote-software-engineer-field-nation-1129287,06-01-2026 12:10,remoteok,6b6dff5d2e818b959bd72e44bfbc23a8,Mid-level,17
Platform Security Engineer,Braze,"['security', 'growth', 'engineer', 'engineering']",Bucharest,https://remoteOK.com/remote-jobs/remote-platform-security-engineer-braze-1129285,06-01-2026 12:10,remoteok,98900d09726bcf4f6cc872a2cc35361b,Mid-level,4
Lead Medical Writer Medical Communications,Avalere Health ,"['training', 'consultancy', 'writer', 'support', 'growth', 'lead', 'content', 'junior', 'marketing', 'medical', 'health', 'healthcare']",,https://remoteOK.com/remote-jobs/remote-lead-medical-writer-medical-communications-avalere-health-1129286,06-01-2026 12:10,remoteok,794ceff4068c038238a2444caa4f61dc,Senior,12
Senior Product Marketing Manager Cloud Security,"Tenable, Inc.","['security', 'manager', 'technical', 'support', 'cloud', 'strategy', 'management', 'lead', 'content', 'senior', 'marketing', 'sales']",Columbia,https://remoteOK.com/remote-jobs/remote-senior-product-marketing-manager-cloud-security-tenable-inc-1129284,06-01-2026 12:10,remoteok,389a67f70253309e386c4c4f9f04f183,Senior,12
Software Engineer Integrations,Deposco,"['software', 'design', 'saas', 'amazon', 'front-end', 'back-end', 'ui', 'web', 'java', 'mysql', 'api', 'management', 'health', 'engineer', 'engineering', 'apache', 'e-commerce', 'digital nomad']",Alpharetta,https://remoteOK.com/remote-jobs/remote-software-engineer-integrations-deposco-1129282,06-01-2026 12:10,remoteok,39b041e661dc0e8d9ea1c1199af29c3f,Mid-level,18
The SafetyWing Digital Nomad Residency,SafetyWing,"['engineer', 'senior', 'technical', 'design', 'sales', 'marketing', 'testing', 'finance', 'saas', 'consulting', 'other']",,https://remoteOK.com/remote-jobs/remote-the-safetywing-digital-nomad-residency-safetywing-1129278,06-01-2026 12:10,remoteok,a9a295b282d4d82d62891d9b13672880,Mid-level,11
Director IT & Security,HighlightTA,"['security', 'director', 'training', 'support', 'software', 'testing', 'education', 'investor', 'cloud', 'senior', 'operations', 'operational', 'recruitment']",Toronto,https://remoteOK.com/remote-jobs/remote-director-it-security-highlightta-1129274,06-01-2026 12:10,remoteok,f88d5258862b456d46521d0781aa5029,Mid-level,13
Product Owner Payments,Flex,"['design', 'saas', 'security', 'support', 'growth', 'financial', 'finance', 'fintech', 'banking', 'mobile', 'management', 'operations', 'operational', 'analytics', 'legal', 'engineering', 'digital nomad']",Remote / USA,https://remoteOK.com/remote-jobs/remote-product-owner-payments-flex-1129273,06-01-2026 12:10,remoteok,a7a341fc9250fead7d9bb3f199bfb4b3,Mid-level,17
Community Manager,"Manta Network, Powered by p0x labs","['manager', 'web3', 'crypto', 'growth', 'voice', 'content', 'marketing', 'analytics']",Remote,https://remoteOK.com/remote-jobs/remote-community-manager-manta-network-powered-by-p0x-labs-1129272,06-01-2026 12:10,remoteok,e7208091ffa26d96601d8db5567fe0ae,Senior,8
Manager Security Product Research,Corelight,"['security', 'manager', 'cloud', 'leader']",North America,https://remoteOK.com/remote-jobs/remote-manager-security-product-research-corelight-1129271,06-01-2026 12:10,remoteok,a5737c621ac5ba435873ae7827f783b7,Senior,4
Software Engineer III,MeridianLink,"['software', 'design', 'c#', 'react', 'system', 'technical', 'web', 'senior', 'engineer', 'digital nomad']",,https://remoteOK.com/remote-jobs/remote-software-engineer-iii-meridianlink-1129270,06-01-2026 12:10,remoteok,031e32698e894577474b988468af7071,Mid-level,10
Graphic Designer,Waterfall,"['nft', 'designer', 'travel', 'content', 'marketing']",Remote,https://remoteOK.com/remote-jobs/remote-graphic-designer-waterfall-1129269,06-01-2026 12:10,remoteok,9374ae1ce574f8c326c72af64e6372e6,Mid-level,5
Technical Customer Growth Manager,Immutable,"['growth', 'manager', 'saas', 'web3', 'nft', 'game', 'gaming', 'technical', 'support', 'strategy', 'health', 'engineering', 'recruitment']",South Korea,https://remoteOK.com/remote-jobs/remote-technical-customer-growth-manager-immutable-1129268,06-01-2026 12:10,remoteok,b7d74c5905c41f86aedfd9b2c97d264f,Senior,13
Senior Software Engineer Trading Technology,BitMEX,"['software', 'crypto', 'cryptocurrency', 'security', 'senior', 'engineer']",Remote - EMEA,https://remoteOK.com/remote-jobs/remote-senior-software-engineer-trading-technology-bitmex-1129267,06-01-2026 12:10,remoteok,e0ef115a0d1351b6e702c34ef907aa55,Senior,6
Software Engineer I Dev Tooling,Sumo Logic,"['software', 'design', 'system', 'technical', 'support', 'developer', 'code', 'web', 'javascript', 'strategy', 'senior', 'engineer', 'engineering', 'digital nomad']",Noida,https://remoteOK.com/remote-jobs/remote-software-engineer-i-dev-tooling-sumo-logic-1129266,06-01-2026 12:10,remoteok,c4c54f551b0cad4b437916b6b305b35c,Mid-level,14
Distributed Systems Engineer,LiveKit,"['design', 'technical', 'support', 'developer', 'cloud', 'operational', 'reliability', 'engineer', 'engineering', 'digital nomad']",,https://remoteOK.com/remote-jobs/remote-distributed-systems-engineer-livekit-1129265,06-01-2026 12:10,remoteok,dfa7e4a20f2c319daef00f91745bb87e,Mid-level,10
Sales Enablement and Training Manager,Socure,"['training', 'manager', 'system', 'management', 'sales', 'recruiting']",Carson City,https://remoteOK.com/remote-jobs/remote-sales-enablement-and-training-manager-socure-1129264,06-01-2026 12:10,remoteok,3aa37c2fc4b4bdb33af48b8033d099d4,Senior,6
Analytics Engineer,Socure,"['design', 'technical', 'support', 'management', 'analytics', 'reliability', 'recruiting', 'engineer', 'engineering', 'digital nomad']",Carson City,https://remoteOK.com/remote-jobs/remote-analytics-engineer-socure-1129263,06-01-2026 12:10,remoteok,240b8098a841a0c3391c9d6bb7b76989,Mid-level,10
Security Compliance Specialist,LiveKit,"['security', 'technical', 'support', 'software', 'code', 'management', 'lead', 'operations', 'operational', 'engineer', 'engineering', 'full-time']",,https://remoteOK.com/remote-jobs/remote-security-compliance-specialist-livekit-1129262,06-01-2026 12:10,remoteok,9afec22f2503d17d40fdf2992a28630c,Mid-level,12
Overnight Customer Support Engineer,"Rebuy, Inc.","['saas', 'frontend', 'ceo', 'technical', 'recruiter', 'support', 'software', 'testing', 'test', 'coo', 'scrum', 'manager', 'javascript', 'html', 'lead', 'legal', 'engineer', 'ecommerce']",,https://remoteOK.com/remote-jobs/remote-overnight-customer-support-engineer-rebuy-inc-1129261,06-01-2026 12:10,remoteok,83a764aeafd6c22d133e3058d3edde89,Mid-level,18
AP Principal US Market Access based role,Avalere Health ,"['training', 'consulting', 'support', 'growth', 'manager', 'financial', 'strategy', 'management', 'content', 'senior', 'junior', 'marketing', 'sales', 'medical', 'health', 'healthcare']",,https://remoteOK.com/remote-jobs/remote-ap-principal-us-market-access-based-role-avalere-health-1129260,06-01-2026 12:10,remoteok,0cd20c07be478ab2155d2ad9a66446dd,Mid-level,16
Member of Technical Staff Atlas,Anchorage Digital,"['design', 'crypto', 'cryptocurrency', 'system', 'security', 'technical', 'software', 'testing', 'growth', 'code', 'manager', 'financial', 'finance', 'bank', 'c++', 'cloud', 'api', 'legal', 'engineering', 'backend', 'digital nomad']",United States,https://remoteOK.com/remote-jobs/remote-member-of-technical-staff-atlas-anchorage-digital-1129259,06-01-2026 12:10,remoteok,1367ab20ee9843fc9cc048581103dc07,Mid-level,21
Senior Security Engineer,Loft Orbital Solutions,"['security', 'design', 'software', 'growth', 'code', 'financial', 'senior', 'operations', 'health', 'healthcare', 'engineer', 'engineering', 'digital nomad']","Golden, CO or San Francisco",https://remoteOK.com/remote-jobs/remote-senior-security-engineer-loft-orbital-solutions-1129258,06-01-2026 12:10,remoteok,4cf49adb3fd3964771b4516cd780bd08,Senior,13
Caregiver Elderly Support,RYZ Labs,"['support', 'cloud']",Los Angeles,https://remoteOK.com/remote-jobs/remote-caregiver-elderly-support-ryz-labs-1129257,06-01-2026 12:10,remoteok,9aba686243ebae4055fa13a93161e901,Mid-level,2
Physical Therapist,RYZ Labs,"['education', 'cloud', 'operational', 'health', 'non tech']",Arizona,https://remoteOK.com/remote-jobs/remote-physical-therapist-ryz-labs-1129256,06-01-2026 12:10,remoteok,d000541596c873d114d8f3f76e45a526,Mid-level,5
Khmer US based Medical Translators needed,LILT (Production),"['support', 'software', 'growth', 'linguistics', 'content', 'recruitment']",San Francisco,https://remoteOK.com/remote-jobs/remote-khmer-us-based-medical-translators-needed-lilt-production-1129254,06-01-2026 12:10,remoteok,34190dbeb63341d4424243bfffe4abc5,Mid-level,6
Behavior Technician,RYZ Labs,"['cloud', 'health', 'non tech']",Orlando,https://remoteOK.com/remote-jobs/remote-behavior-technician-ryz-labs-1129253,06-01-2026 12:10,remoteok,fadf46af31e2efedf4c96f3d39eab634,Mid-level,3
Lead Digital Media Planner Buyer,Bluelight Consulting,"['consulting', 'consultancy', 'software', 'ads', 'lead']",Granada,https://remoteOK.com/remote-jobs/remote-lead-digital-media-planner-buyer-bluelight-consulting-1129252,06-01-2026 12:10,remoteok,e711233619444abfdd46da5320b9e34c,Senior,5
Senior Security Operations Analyst,The Voleon Group,"['security', 'analyst', 'growth', 'investment', 'senior', 'junior', 'operations']",Berkeley,https://remoteOK.com/remote-jobs/remote-senior-security-operations-analyst-the-voleon-group-1129250,06-01-2026 12:10,remoteok,ae2083713df92c08d4cda7ca8b762f64,Senior,7
Commercial Account Representative,Illumio,"['security', 'support', 'travel', 'financial', 'leader', 'management', 'operational', 'marketing', 'sales', 'recruitment', 'executive', 'non tech']",Remote,https://remoteOK.com/remote-jobs/remote-commercial-account-representative-illumio-1129249,06-01-2026 12:10,remoteok,20e6fb6f5d5dbde3a75dd0b256ad1249,Mid-level,12
Solution Engineer Inside Sales Support,Illumio,"['salesforce', 'security', 'game', 'technical', 'support', 'software', 'financial', 'cloud', 'microsoft', 'leader', 'operational', 'sales', 'health', 'engineer', 'recruitment', 'executive']",Remote,https://remoteOK.com/remote-jobs/remote-solution-engineer-inside-sales-support-illumio-1129248,06-01-2026 12:10,remoteok,731ddfd9c7873dce086aea2a9a5ae886,Mid-level,16
Times Changed We Changed with Them...Maybe You Should Too,Global Elite Texas,"['support', 'video', 'non tech']","Oregon City, Oregon",https://remoteOK.com/remote-jobs/remote-times-changed-we-changed-with-them-maybe-you-should-too-global-elite-texas-1129247,06-01-2026 12:10,remoteok,0052f8c720a3a0a7736542804f33e202,Mid-level,3
Business Intelligence Analyst,RainFocus,"['analyst', 'software', 'marketing', 'health']",Lehi,https://remoteOK.com/remote-jobs/remote-business-intelligence-analyst-rainfocus-1129246,06-01-2026 12:10,remoteok,9e6e86cf4e351967c220d218d261f9af,Mid-level,4
Software Engineer II Golang,Stacklok,"['software', 'design', 'system', 'frontend', 'code', 'management', 'golang', 'engineer', 'backend', 'digital nomad']",Remote: Spain,https://remoteOK.com/remote-jobs/remote-software-engineer-ii-golang-stacklok-1129245,06-01-2026 12:10,remoteok,3d58218ad6483209316d83c4d0f11366,Mid-level,10
Career,Syngenta,['security'],Not specified,https://remoteOK.com/remote-jobs/remote-career-syngenta-1129244,06-01-2026 12:10,remoteok,735cbbacbeb514996adb98bbe0fffa1e,Mid-level,1
Senior Web Scraping Engineer Python,Oxylabs ,"['python', 'web', 'system', 'front-end', 'back-end', 'support', 'css', 'senior', 'go', 'engineer']",Poland,https://remoteOK.com/remote-jobs/remote-senior-web-scraping-engineer-python-oxylabs-1129243,06-01-2026 12:10,remoteok,0914ec041ad78b794a6047c43289b06c,Senior,10
Events Marketing Manager,Alpaca,"['manager', 'crypto', 'developer', 'financial', 'investment', 'c', 'api', 'strategy', 'marketing', 'executive', 'digital nomad']",Remote - North America or South America,https://remoteOK.com/remote-jobs/remote-events-marketing-manager-alpaca-1129242,06-01-2026 12:10,remoteok,f8308b7b0f2f4714511327caad8c4e05,Senior,11
Java Software Engineer,capital.com,"['software', 'design', 'security', 'code', 'financial', 'java', 'operations', 'reliability', 'engineer', 'engineering', 'backend', 'digital nomad']",,https://remoteOK.com/remote-jobs/remote-java-software-engineer-capital-com-1129241,06-01-2026 12:10,remoteok,8f08241d1c9f730d0dba7395da81b49d,Mid-level,12
Vice President Customer Support,Vultr,"['support', 'cloud']",Remote,https://remoteOK.com/remote-jobs/remote-vice-president-customer-support-vultr-1129236,06-01-2026 12:10,remoteok,1e391f4b6a49b591d71eb81a94c1a9d7,Mid-level,2
Senior Contract Support Specialist,Blue Water Thinking,"['consulting', 'technical', 'support', 'senior', 'executive']",USA,https://remoteOK.com/remote-jobs/remote-senior-contract-support-specialist-blue-water-thinking-1129235,06-01-2026 12:10,remoteok,076196f5a4cc0ed86f8ea0860205cf4a,Senior,5
PHP Laravel Developer Needed ROCKSTARS ONLY,Agent Legend,"['php', 'laravel', 'dev']",,https://remoteOK.com/remote-jobs/remote-php-laravel-developer-needed-rockstars-only-agent-legend-1129233,06-01-2026 12:10,remoteok,20313b71500c8710a2e7334ec6318083,Mid-level,3
Senior Infrastructure Engineer Core Systems,Quicknode,"['design', 'web3', 'technical', 'support', 'cloud', 'management', 'senior', 'operational', 'go', 'engineer', 'engineering', 'digital nomad']",Lisbon,https://remoteOK.com/remote-jobs/remote-senior-infrastructure-engineer-core-systems-quicknode-1129232,06-01-2026 12:10,remoteok,c2935f57ef4a35a945a7d70e037d6936,Senior,12
Customer Support Specialist,Pulley,"['technical', 'support', 'growth', 'financial', 'management', 'engineering']",Remote,https://remoteOK.com/remote-jobs/remote-customer-support-specialist-pulley-1129231,06-01-2026 12:10,remoteok,5873bad31e841da31cd5b8c5e48ec9a0,Mid-level,6
Staff Software Engineer,NMI,"['software', 'design', 'c#', 'technical', 'support', 'code', 'microsoft', 'junior', 'operational', 'reliability', 'engineer', 'engineering', 'backend', 'digital nomad']","Remote, US",https://remoteOK.com/remote-jobs/remote-staff-software-engineer-nmi-1129230,06-01-2026 12:10,remoteok,5b962f9c7726bd431fad6738807d8f70,Mid-level,14
Security Engineer Cloud Security,Red Cell Partners,"['security', 'software', 'cloud', 'management', 'excel', 'engineer', 'engineering']","Seattle, WA",https://remoteOK.com/remote-jobs/remote-security-engineer-cloud-security-red-cell-partners-1129229,06-01-2026 12:10,remoteok,5f1c8d066616536971dd7bfb58495134,Mid-level,7
Senior Software Engineer Platform,Omada Health,"['software', 'design', 'technical', 'support', 'devops', 'cloud', 'senior', 'operational', 'medical', 'health', 'healthcare', 'engineer', 'engineering', 'digital nomad']","Remote, USA",https://remoteOK.com/remote-jobs/remote-senior-software-engineer-platform-omada-health-1129228,06-01-2026 12:10,remoteok,bd8525ee96d6bdbcfaba12afb16d6162,Senior,14
Gerente Sr Tecnologia,Skydropx - Frenet,"['cloud', 'microsoft', 'lead']",,https://remoteOK.com/remote-jobs/remote-gerente-sr-tecnologia-skydropx-frenet-1129227,06-01-2026 12:10,remoteok,178ff5229c88d5e8e13a5d0b563d3e24,Mid-level,3
Senior Platform Infrastructure Engineer II,Braze,"['growth', 'cloud', 'senior', 'operational', 'engineer', 'engineering']",New York City,https://remoteOK.com/remote-jobs/remote-senior-platform-infrastructure-engineer-ii-braze-1129226,06-01-2026 12:10,remoteok,2ca0a8d1cef0607ffbc0b10de817ac7a,Senior,6
Support Engineer,HumanSignal,"['training', 'technical', 'support', 'test', 'engineer', 'engineering']",Remote â Europe or East Coast North America,https://remoteOK.com/remote-jobs/remote-support-engineer-humansignal-1129225,06-01-2026 12:10,remoteok,7b654013d5ee0bce5abc6eb95e3f7601,Mid-level,6
Senior DevOps Engineer,Inkitt,"['redis', 'system', 'security', 'support', 'devops', 'elasticsearch', 'c', 'cloud', 'postgresql', 'senior', 'analytics', 'reliability', 'engineer', 'backend']",Remote Mexico City,https://remoteOK.com/remote-jobs/remote-senior-devops-engineer-inkitt-1129224,06-01-2026 12:10,remoteok,c1c3b2ddc3a2360f44c593273652c6a8,Senior,14
Staff Protocol Engineer EVM,Ava Labs,"['web3', 'code', 'engineer', 'engineering']","Brooklyn, NY",https://remoteOK.com/remote-jobs/remote-staff-protocol-engineer-evm-ava-labs-1129223,06-01-2026 12:10,remoteok,cb23e7407803a3c96b9198ab44e4e46b,Mid-level,4
Finance Manager,ReFED,"['manager', 'salesforce', 'embedded', 'system', 'support', 'growth', 'director', 'travel', 'accounting', 'bookkeeping', 'financial', 'video', 'education', 'finance', 'management', 'operational', 'excel', 'health', 'recruitment']",USA,https://remoteOK.com/remote-jobs/remote-finance-manager-refed-1129222,06-01-2026 12:10,remoteok,b87160b2f4a82790e73afc595f046696,Senior,19
Senior Systems Engineer Software,2100 NVIDIA USA,"['software', 'frontend', 'technical', 'support', 'test', 'code', 'cloud', 'api', 'leader', 'senior', 'golang', 'engineer', 'engineering', 'backend']","US, CA, Remote",https://remoteOK.com/remote-jobs/remote-senior-systems-engineer-software-2100-nvidia-usa-1129220,06-01-2026 12:10,remoteok,a3acdaa9f10b2c970babaf29643e906c,Senior,14
Software Engineer Infrastructure Supercomputing,xAI,"['software', 'security', 'training', 'cloud', 'engineer', 'engineering']",Palo Alto,https://remoteOK.com/remote-jobs/remote-software-engineer-infrastructure-supercomputing-xai-1129217,06-01-2026 12:10,remoteok,50089e907eab09d9da367130db65301d,Mid-level,6
Staff DevOps Engineer,Heartflow,"['3d', 'test', 'devops', 'management', 'healthcare', 'engineer']",San Francisco,https://remoteOK.com/remote-jobs/remote-staff-devops-engineer-heartflow-1129216,06-01-2026 12:10,remoteok,342392e21e2a18639198ad6a3bdbc562,Mid-level,6
Digital Marketing Manager Online Opportunity,mindmoneyreset,"['manager', 'system', 'students', 'training', 'support', 'leader', 'marketing', 'sales']",,https://remoteOK.com/remote-jobs/remote-digital-marketing-manager-online-opportunity-mindmoneyreset-1129215,06-01-2026 12:10,remoteok,0a08a056fba18137fea78dab5fb92414,Senior,8
Partnership Head,HR Force International,"['hr', 'system', 'fintech']",,https://remoteOK.com/remote-jobs/remote-partnership-head-hr-force-international-1129214,06-01-2026 12:10,remoteok,03119ac1f5f3a615ec944cd406f69ec3,Mid-level,3
Danish Speaking Jobs Greece Work Greece Fully Paid Relocation Package,Mercier Consultancy MD,"['consulting', 'consultancy', 'support', 'software']",,https://remoteOK.com/remote-jobs/remote-danish-speaking-jobs-greece-work-greece-fully-paid-relocation-package-mercier-consultancy-md-1129213,06-01-2026 12:10,remoteok,b48d419017ba33e984a226b3d72d8a74,Mid-level,4
French Speaking Jobs Greece Work Greece Fully Paid Relocation Package,Mercier Consultancy MD,"['consulting', 'consultancy', 'support']",,https://remoteOK.com/remote-jobs/remote-french-speaking-jobs-greece-work-greece-fully-paid-relocation-package-mercier-consultancy-md-1129212,06-01-2026 12:10,remoteok,6ace79297417107b492273cfd33d2e0b,Mid-level,3
Leadership Development Associate,Lifestyle Seed Consulting,"['consulting', 'training', 'support', 'growth', 'education', 'marketing']",,https://remoteOK.com/remote-jobs/remote-leadership-development-associate-lifestyle-seed-consulting-1129210,06-01-2026 12:10,remoteok,fdaa518afaa35686a546cfa2a2ed18f8,Senior,6
Digital Marketing &amp; Client Outreach Consultant,Blue Shed Group,"['consultant', 'training', 'support', 'content', 'marketing', 'non tech']",,https://remoteOK.com/remote-jobs/remote-digital-marketing-amp-client-outreach-consultant-blue-shed-group-1129209,06-01-2026 12:10,remoteok,1fd04f8521976c1b19e620567c38a68e,Mid-level,6
Offensive Security Engineer Agent Security,OpenAI,"['security', 'frontend', 'technical', 'software', 'testing', 'ui', 'code', 'web', 'cloud', 'strategy', 'operations', 'operational', 'reliability', 'engineer', 'engineering', 'linux']",,https://remoteOK.com/remote-jobs/remote-offensive-security-engineer-agent-security-openai-1129207,06-01-2026 12:10,remoteok,cd7596df8cd4771ecbd0d1bf0d08041b,Mid-level,16
Software Architect,Conga,"['architect', 'software', 'support', 'growth', 'voice']","Toronto, Canada; Boston, MA, US; Broomfield, Colorado, US; Waterloo, Ontario",https://remoteOK.com/remote-jobs/remote-software-architect-conga-1129206,06-01-2026 12:10,remoteok,e8fb320132067f5ccdc6cbc48b22cbbc,Mid-level,5
Mid C# Fullstack Developer,Zipdev,"['c#', 'developer', 'saas', 'training', 'technical', 'software', 'code', 'voice', 'devops', 'laravel', 'php', 'nosql', 'strategy', 'analytics', 'sales', 'engineering', 'backend', 'fullstack', 'digital nomad']",,https://remoteOK.com/remote-jobs/remote-mid-c-fullstack-developer-zipdev-1129205,06-01-2026 12:10,remoteok,b5d59fc660a81d364cfd38b5d15e8b73,Mid-level,19
Enterprise Account Executive Western,Versaterm,"['growth', 'lead', 'operations', 'sales', 'executive']",U.S. (Remote),https://remoteOK.com/remote-jobs/remote-enterprise-account-executive-western-versaterm-1129204,06-01-2026 12:10,remoteok,5365993a0b6d0f787cb05ff23a1fa855,Mid-level,5
Fraud &amp; Payments Risk Specialist,Baselane,"['financial', 'fintech', 'banking', 'management']",Remote,https://remoteOK.com/remote-jobs/remote-fraud-amp-payments-risk-specialist-baselane-1129203,06-01-2026 12:10,remoteok,fd5888e5b6b36c9e8e181a6542460f21,Mid-level,4
Enterprise Account Executive Eastern,Versaterm,"['growth', 'lead', 'operations', 'sales', 'executive']",U.S. (Remote),https://remoteOK.com/remote-jobs/remote-enterprise-account-executive-eastern-versaterm-1129202,06-01-2026 12:10,remoteok,d97031b1d5710934e175efe7cbc7036f,Mid-level,5
Licensed Mental Health Therapist Oregon,Ascend Healthcare,"['support', 'operational', 'health', 'medical', 'healthcare', 'non tech']",Oregon,https://remoteOK.com/remote-jobs/remote-licensed-mental-health-therapist-oregon-ascend-healthcare-1129201,06-01-2026 12:10,remoteok,e84fc06f50bcad2f40af94f8f69eb096,Mid-level,6
Director People Ops,DuckDuckGo,"['director', 'support', 'test', 'travel', 'video', 'management', 'operations', 'health', 'recruitment', 'full-time', 'non tech']",,https://remoteOK.com/remote-jobs/remote-director-people-ops-duckduckgo-1129200,06-01-2026 12:10,remoteok,1ae6b45853a35d9b4250d2fcc73e0895,Mid-level,11
Security Engineer Cloud Security,Trase Systems,"['security', 'cloud', 'engineer']",USA,https://remoteOK.com/remote-jobs/remote-security-engineer-cloud-security-trase-systems-1129199,06-01-2026 12:10,remoteok,a46a7c05655899baad6183931ca98622,Mid-level,3
Drone Systems Specialist Freelance AI Trainer Project,Invisible Agency,"['trainer', 'technical', 'support']",World Wide,https://remoteOK.com/remote-jobs/remote-drone-systems-specialist-freelance-ai-trainer-project-invisible-agency-1129198,06-01-2026 12:10,remoteok,45988a212649460635446a015f861371,Mid-level,3
Senior Manager Operations Project Management,AirSculpt,"['manager', 'strategy', 'management', 'lead', 'senior', 'operations', 'executive', 'full-time']",Remote,https://remoteOK.com/remote-jobs/remote-senior-manager-operations-project-management-airsculpt-1129197,06-01-2026 12:10,remoteok,77f0e0935c84869df304f55a7d7baba4,Senior,8
Architecture & Construction Documentation Specialist Freelance AI Trainer Project,Invisible Agency,"['trainer', 'support', 'management']",World Wide,https://remoteOK.com/remote-jobs/remote-architecture-construction-documentation-specialist-freelance-ai-trainer-project-invisible-agency-1129196,06-01-2026 12:10,remoteok,fb550227523bb6ea5bacec003ced4d77,Mid-level,3
TypeScript Developer,Stoke Studio,"['backend', 'javascript', 'node', 'typescript', 'graphql', 'postgres', 'ai', 'engineer', 'dev']",,https://remoteOK.com/remote-jobs/remote-typescript-developer-stoke-studio-1129195,06-01-2026 12:10,remoteok,26e3206d2ddfbaee6aa23f506ad1af14,Mid-level,9
Senior Frontend Developer,Sanctuary Computer,"['senior', 'exec', 'engineer', 'dev', 'front end']",,https://remoteOK.com/remote-jobs/remote-senior-frontend-developer-sanctuary-computer-1129194,06-01-2026 12:10,remoteok,644eab6904af5265d8c4abfe87f74ae0,Senior,5
Account Manager QSR,Fetch,"['manager', 'mobile']",United States,https://remoteOK.com/remote-jobs/remote-account-manager-qsr-fetch-1129193,06-01-2026 12:10,remoteok,ed6471ef8288887ba6b98149694e847a,Senior,2
Customer Success Manager II SLED,ExtraHop,"['manager', 'security', 'growth', 'management']",Remote,https://remoteOK.com/remote-jobs/remote-customer-success-manager-ii-sled-extrahop-1129192,06-01-2026 12:10,remoteok,00db4c9935487322e87167a8870f14e7,Senior,4
Trading Technology Engineer,BitMEX,"['crypto', 'cryptocurrency', 'security', 'engineer']",Remote - Asia,https://remoteOK.com/remote-jobs/remote-trading-technology-engineer-bitmex-1129191,06-01-2026 12:10,remoteok,ec291de06eb910b5d1d37dd3a5c14992,Mid-level,4
Junior Crypto Analyst & Trader,WhiteBridge-Ltd,"['finance', 'crypto', 'education', 'analyst', 'web3', 'blockchain', 'junior', 'defi', 'ethereum', 'bitcoin', 'other', 'virtual assistant']",,https://remoteOK.com/remote-jobs/remote-junior-crypto-analyst-trader-whitebridge-ltd-1129190,06-01-2026 12:10,remoteok,7f33a1ab4f4efd8948d3b6b616eb8cd8,Entry-level,12
Senior Accountant,Circle.so,"['accountant', 'accounting', 'financial', 'finance', 'management', 'senior', 'operations', 'non tech']",Remote,https://remoteOK.com/remote-jobs/remote-senior-accountant-circle-so-1129189,06-01-2026 12:10,remoteok,ab950401be18f3e79204e3187b1775a2,Senior,8
Copywriter,INFUSE,"['copywriter', 'security', 'writer', 'test', 'manager', 'video', 'recruiting', 'non tech']",Remote,https://remoteOK.com/remote-jobs/remote-copywriter-infuse-1129188,06-01-2026 12:10,remoteok,077f299ac96c43ee7c0ccea619a898e0,Mid-level,8
Software Engineer Rust Shopify,ParcelHero,"['software', 'c#', 'f#', 'system', 'technical', 'testing', 'growth', 'code', 'voice', 'api', 'management', 'junior', 'engineer', 'engineering', 'shopify']",Philippines,https://remoteOK.com/remote-jobs/remote-software-engineer-rust-shopify-parcelhero-1129187,06-01-2026 12:10,remoteok,ba19fcdf6e9db40d8db1c5900ec6a698,Mid-level,15
Data Engineer,Sayari,"['python', 'software', 'code', 'financial', 'investment', 'scala', 'engineer', 'engineering']",Remote - US,https://remoteOK.com/remote-jobs/remote-data-engineer-sayari-1129302,06-01-2026 12:10,remoteok,c866473a4e5a480eea31326a1492ce3f,Mid-level,8
Director of Narrative and Video Storytelling,Field AI,"['director', 'technical', 'support', 'software', 'web', 'video', 'robotics', 'leader', 'lead', 'content', 'sales', 'go', 'executive']","Irvine, CA",https://remoteOK.com/remote-jobs/remote-director-of-narrative-and-video-storytelling-field-ai-1129301,06-01-2026 12:10,remoteok,225952582eb3292bedfcaeecbc83c7ee,Mid-level,13
Senior GenAI Technical Lead Partner Platforms,2100 NVIDIA USA,"['design', 'technical', 'support', 'software', 'growth', 'cloud', 'leader', 'strategy', 'lead', 'senior', 'engineering', 'digital nomad']","US, CA, Santa Clara",https://remoteOK.com/remote-jobs/remote-senior-genai-technical-lead-partner-platforms-2100-nvidia-usa-1129300,06-01-2026 12:10,remoteok,5fe4813ca725958845eb37e05a0e3f2e,Senior,12
